{
	"credit": "Made with Blockbench",
	"textures": {
		"0": "./crowbar",
		"particle": "./crowbar"
	},
	"elements": [
		{
			"from": [7.45, 0, 7.5],
			"to": [8.55, 3, 8],
			"rotation": {"angle": -22.5, "axis": "x", "origin": [8, 3, 7.75]},
			"faces": {
				"north": {"uv": [4, 11, 5.1, 14], "texture": "#0"},
				"east": {"uv": [2, 12, 2.5, 15], "texture": "#0"},
				"south": {"uv": [6, 13, 7.1, 16], "texture": "#0"},
				"west": {"uv": [6, 10, 6.5, 13], "texture": "#0"},
				"up": {"uv": [4, 15, 5.1, 15.5], "texture": "#0"},
				"down": {"uv": [3, 10, 4.1, 10.5], "texture": "#0"}
			}
		},
		{
			"from": [7.5, 2.75, 7.5],
			"to": [8.5, 13.75, 8.13],
			"rotation": {"angle": 0, "axis": "y", "origin": [8, 14.25, 7.875]},
			"faces": {
				"north": {"uv": [0, 5, 1, 16], "texture": "#0"},
				"east": {"uv": [1, 5, 1.63, 16], "texture": "#0"},
				"south": {"uv": [0, 5, 1, 16], "texture": "#0"},
				"west": {"uv": [1, 5, 1.63, 16], "texture": "#0"},
				"up": {"uv": [0, 5, 1, 5.63], "texture": "#0"},
				"down": {"uv": [0, 5, 1, 5.63], "texture": "#0"}
			}
		},
		{
			"name": "octagon",
			"from": [7.505, 13.3279, 7.18478],
			"to": [8.495, 15.3279, 7.63478],
			"rotation": {"angle": -22.5, "axis": "x", "origin": [8, 14.3279, 7.40978]},
			"faces": {
				"north": {"uv": [2, 10, 3, 11], "rotation": 180, "texture": "#0"},
				"east": {"uv": [3, 10, 4, 11], "rotation": 270, "texture": "#0"},
				"south": {"uv": [4, 10, 5, 11], "texture": "#0"},
				"west": {"uv": [5, 10, 6, 11], "rotation": 90, "texture": "#0"},
				"up": {"uv": [2, 10, 3, 11], "rotation": 180, "texture": "#0"},
				"down": {"uv": [4, 11, 5, 12], "texture": "#0"}
			}
		},
		{
			"name": "octagon",
			"from": [7.5, 13.43742, 4.79213],
			"to": [8.5, 15.43742, 5.24213],
			"rotation": {"angle": 22.5, "axis": "x", "origin": [8, 14.43742, 5.01713]},
			"faces": {
				"north": {"uv": [3, 15, 4, 16], "rotation": 180, "texture": "#0"},
				"east": {"uv": [3, 14, 4, 15], "rotation": 270, "texture": "#0"},
				"south": {"uv": [6, 11, 7, 12], "texture": "#0"},
				"west": {"uv": [5, 10, 6, 11], "rotation": 90, "texture": "#0"},
				"up": {"uv": [2, 11, 3, 12], "rotation": 270, "texture": "#0"},
				"down": {"uv": [6, 14, 7, 15], "texture": "#0"}
			}
		},
		{
			"name": "octagon",
			"from": [7.506, 15, 5.25],
			"to": [8.486, 15.45, 7.25],
			"rotation": {"angle": 0, "axis": "x", "origin": [7, 12.75, 5.5]},
			"faces": {
				"north": {"uv": [5, 13, 6, 14], "texture": "#0"},
				"east": {"uv": [4, 13, 5, 14], "texture": "#0"},
				"south": {"uv": [6, 13, 7, 14], "texture": "#0"},
				"west": {"uv": [7, 13, 8, 14], "texture": "#0"},
				"up": {"uv": [5, 12, 6, 13], "texture": "#0"},
				"down": {"uv": [5, 14, 6, 15], "texture": "#0"}
			}
		}
	],
	"gui_light": "front",
	"display": {
		"thirdperson_righthand": {
			"translation": [0, 1, 1.25],
			"scale": [1.25, 1.25, 1.25]
		},
		"thirdperson_lefthand": {
			"translation": [0, 1, 1.25],
			"scale": [1.25, 1.25, 1.25]
		},
		"firstperson_righthand": {
			"rotation": [-15, 5, 5],
			"translation": [1.5, 4, 0]
		},
		"firstperson_lefthand": {
			"rotation": [-15, 5, 5],
			"translation": [1.5, 4, 0]
		},
		"ground": {
			"translation": [0, 2.75, 0],
			"scale": [0.9, 0.9, 0.9]
		},
		"gui": {
			"rotation": [25, -180, 45],
			"scale": [1.35, 1.35, 1.35]
		},
		"fixed": {
			"rotation": [0, 10, 45],
			"translation": [0, 0, -0.25],
			"scale": [1.25, 1.25, 1.25]
		}
	},
	"groups": [
		0,
		1,
		{
			"name": "octagon",
			"origin": [8, 8, 8],
			"color": 0,
			"children": [2, 3, 4]
		}
	]
}