{
	"credit": "Made with Blockbench",
	"texture_size": [32, 32],
	"textures": {
		"0": "block/trophy",
		"particle": "block/trophy"
	},
	"elements": [
		{
			"from": [4, 0, 4],
			"to": [12, 1, 12],
			"faces": {
				"north": {"uv": [4, 15.5, 8, 16], "texture": "#0"},
				"east": {"uv": [0, 15.5, 4, 16], "texture": "#0"},
				"south": {"uv": [12, 15.5, 16, 16], "texture": "#0"},
				"west": {"uv": [8, 15.5, 12, 16], "texture": "#0"},
				"up": {"uv": [8, 15.5, 4, 11.5], "texture": "#0"},
				"down": {"uv": [12, 11.5, 8, 15.5], "texture": "#0"}
			}
		},
		{
			"from": [6.5, 1, 6.5],
			"to": [9.5, 6, 9.5],
			"faces": {
				"north": {"uv": [6.5, 8.5, 8, 11], "texture": "#0"},
				"east": {"uv": [5, 8.5, 6.5, 11], "texture": "#0"},
				"south": {"uv": [9.5, 8.5, 11, 11], "texture": "#0"},
				"west": {"uv": [8, 8.5, 9.5, 11], "texture": "#0"},
				"up": {"uv": [8, 8.5, 6.5, 7], "texture": "#0"},
				"down": {"uv": [9.5, 7, 8, 8.5], "texture": "#0"}
			}
		},
		{
			"from": [4, 6, 4],
			"to": [12, 15, 12],
			"faces": {
				"north": {"uv": [4, 4, 8, 8.5], "texture": "#0"},
				"east": {"uv": [0, 4, 4, 8.5], "texture": "#0"},
				"south": {"uv": [12, 4, 16, 8.5], "texture": "#0"},
				"west": {"uv": [8, 4, 12, 8.5], "texture": "#0"},
				"up": {"uv": [8, 4, 4, 0], "texture": "#0"},
				"down": {"uv": [12, 0, 8, 4], "texture": "#0"}
			}
		},
		{
			"from": [2, 7, 8],
			"to": [4, 8, 8],
			"shade": false,
			"faces": {
				"north": {"uv": [3, 2.5, 2, 3], "texture": "#0"},
				"east": {"uv": [16, 0, 16, 3], "texture": "#0"},
				"south": {"uv": [2, 3, 3, 2.5], "texture": "#0"},
				"west": {"uv": [16, 0, 16, 3], "texture": "#0"},
				"up": {"uv": [14, 0, 16, 0], "texture": "#0"},
				"down": {"uv": [14, 0, 16, 0], "texture": "#0"}
			}
		},
		{
			"from": [1, 12, 8],
			"to": [4, 13, 8],
			"shade": false,
			"faces": {
				"north": {"uv": [2, 0, 0.5, 0.5], "texture": "#0"},
				"east": {"uv": [16, 0, 16, 3], "texture": "#0"},
				"south": {"uv": [3.5, 0, 2, 0.5], "texture": "#0"},
				"west": {"uv": [16, 0, 16, 3], "texture": "#0"},
				"up": {"uv": [14, 0, 16, 0], "texture": "#0"},
				"down": {"uv": [14, 0, 16, 0], "texture": "#0"}
			}
		},
		{
			"from": [0, 10, 8],
			"to": [1, 12, 8],
			"shade": false,
			"faces": {
				"north": {"uv": [0.5, 0.5, 0, 1.5], "texture": "#0"},
				"east": {"uv": [16, 0, 16, 3], "texture": "#0"},
				"south": {"uv": [0.5, 0.5, 0, 1.5], "texture": "#0"},
				"west": {"uv": [16, 0, 16, 3], "texture": "#0"},
				"up": {"uv": [14, 0, 16, 0], "texture": "#0"},
				"down": {"uv": [14, 0, 16, 0], "texture": "#0"}
			}
		},
		{
			"from": [1, 8, 8],
			"to": [2, 10, 8],
			"shade": false,
			"faces": {
				"north": {"uv": [1, 1.5, 0.5, 2.5], "texture": "#0"},
				"east": {"uv": [16, 0, 16, 3], "texture": "#0"},
				"south": {"uv": [1, 1.5, 0.5, 2.5], "texture": "#0"},
				"west": {"uv": [16, 0, 16, 3], "texture": "#0"},
				"up": {"uv": [14, 0, 16, 0], "texture": "#0"},
				"down": {"uv": [14, 0, 16, 0], "texture": "#0"}
			}
		},
		{
			"from": [12, 12, 8],
			"to": [15, 13, 8],
			"faces": {
				"north": {"uv": [0.5, 0, 2, 0.5], "texture": "#0"},
				"east": {"uv": [16, 0, 16, 3], "texture": "#0"},
				"south": {"uv": [2, 0, 3.5, 0.5], "texture": "#0"},
				"west": {"uv": [16, 0, 16, 3], "texture": "#0"},
				"up": {"uv": [16, 0, 14, 0], "texture": "#0"},
				"down": {"uv": [16, 0, 14, 0], "texture": "#0"}
			}
		},
		{
			"from": [15, 10, 8],
			"to": [16, 12, 8],
			"faces": {
				"north": {"uv": [0, 0.5, 0.5, 1.5], "texture": "#0"},
				"east": {"uv": [16, 0, 16, 3], "texture": "#0"},
				"south": {"uv": [0, 0.5, 0.5, 1.5], "texture": "#0"},
				"west": {"uv": [16, 0, 16, 3], "texture": "#0"},
				"up": {"uv": [16, 0, 14, 0], "texture": "#0"},
				"down": {"uv": [16, 0, 14, 0], "texture": "#0"}
			}
		},
		{
			"from": [14, 8, 8],
			"to": [15, 10, 8],
			"faces": {
				"north": {"uv": [0.5, 1.5, 1, 2.5], "texture": "#0"},
				"east": {"uv": [16, 0, 16, 3], "texture": "#0"},
				"south": {"uv": [0.5, 1.5, 1, 2.5], "texture": "#0"},
				"west": {"uv": [16, 0, 16, 3], "texture": "#0"},
				"up": {"uv": [16, 0, 14, 0], "texture": "#0"},
				"down": {"uv": [16, 0, 14, 0], "texture": "#0"}
			}
		},
		{
			"from": [12, 7, 8],
			"to": [14, 8, 8],
			"faces": {
				"north": {"uv": [2, 2.5, 3, 3], "texture": "#0"},
				"east": {"uv": [16, 0, 16, 3], "texture": "#0"},
				"south": {"uv": [2, 2.5, 1, 3], "texture": "#0"},
				"west": {"uv": [16, 0, 16, 3], "texture": "#0"},
				"up": {"uv": [16, 0, 14, 0], "texture": "#0"},
				"down": {"uv": [16, 0, 14, 0], "texture": "#0"}
			}
		}
	],
	"display": {
		"thirdperson_righthand": {
			"rotation": [0.01, 27, -0.12],
			"translation": [0, 1.5, -1],
			"scale": [0.7, 0.7, 0.7]
		},
		"thirdperson_lefthand": {
			"rotation": [1.6, -20.47, 8.87],
			"translation": [0, 1.75, 0.5],
			"scale": [0.7, 0.7, 0.7]
		},
		"firstperson_righthand": {
			"rotation": [-14.8, 16.44, 4.36],
			"translation": [1.75, 0, -1.5],
			"scale": [0.9, 0.9, 0.9]
		},
		"firstperson_lefthand": {
			"rotation": [-16.09, -34.72, -12.17],
			"translation": [3.75, 0, -1.75],
			"scale": [0.9, 0.9, 0.9]
		},
		"ground": {
			"translation": [0, 3, 0],
			"scale": [0.8, 0.8, 0.8]
		},
		"gui": {
			"rotation": [-172.52, 30.93, 165.64],
			"translation": [0, -1.25, 0],
			"scale": [0.9, 0.9, 0.9]
		},
		"head": {
			"translation": [0, 14.25, 0]
		},
		"fixed": {
			"rotation": [-90, 0, 0],
			"translation": [0, 0, -15],
			"scale": [2, 2, 2]
		}
	},
	"groups": [
		{
			"name": "group",
			"origin": [0, 0, 0],
			"color": 0,
			"nbt": "{}",
			"armAnimationEnabled": false,
			"children": [
				0,
				1,
				2,
				{
					"name": "h1",
					"origin": [0, 0, 0],
					"color": 0,
					"nbt": "{}",
					"armAnimationEnabled": false,
					"children": [3, 4, 5, 6]
				},
				{
					"name": "h2",
					"origin": [0, 0, 0],
					"color": 0,
					"nbt": "{}",
					"armAnimationEnabled": false,
					"children": [7, 8, 9, 10]
				}
			]
		}
	]
}