{
	"credit": "Made by OLLIEZ4",
	"textures": {
		"0": "space:item/titanium_gauntlet",
		"particle": "space:item/titanium_gauntlet"
	},
	"elements": [
		{
			"from": [6, 0, 6],
			"to": [10, 6, 10],
			"faces": {
				"north": {"uv": [0, 0, 4, 6], "texture": "#0"},
				"east": {"uv": [0, 0, 4, 6], "texture": "#0"},
				"south": {"uv": [0, 0, 4, 6], "texture": "#0"},
				"west": {"uv": [0, 0, 4, 6], "texture": "#0"},
				"up": {"uv": [8, 0, 12, 4], "texture": "#0"},
				"down": {"uv": [4, 0, 8, 4], "texture": "#0"}
			}
		}
	],
	"display": {
		"thirdperson_righthand": {
			"rotation": [90, 0, 0],
			"translation": [0, -2, 8.75],
			"scale": [1.1, 1.1, 1.1]
		},
		"thirdperson_lefthand": {
			"rotation": [90, 0, 0],
			"translation": [0, -2, 8.75],
			"scale": [1.1, 1.1, 1.1]
		},
		"firstperson_righthand": {
			"rotation": [-60, 9, -20],
			"translation": [0.25, 3.25, -3.5]
		},
		"firstperson_lefthand": {
			"rotation": [-60, 9, -30],
			"translation": [1, 2.75, -3]
		},
		"ground": {
			"scale": [0.4, 0.4, 0.4]
		},
		"gui": {
			"rotation": [11, 18, 0],
			"translation": [0, 5.25, 0]
		},
		"head": {
			"translation": [0, 7.5, 0]
		},
		"fixed": {
			"translation": [0, 4.75, 0]
		}
	}
}