{
	"credit": "Made by OLLIEZ4",
	"textures": {
		"2": "space:item/voyager_1_chestplate",
		"particle": "space:item/voyager_1_chestplate"
	},
	"elements": [
		{
			"from": [1, 9, 7],
			"to": [2, 13, 8],
			"faces": {
				"north": {"uv": [14, 3, 15, 7], "texture": "#2"},
				"east": {"uv": [0, 0, 1, 4], "texture": "#missing"},
				"south": {"uv": [1, 3, 2, 7], "texture": "#2"},
				"west": {"uv": [1, 3, 2, 7], "texture": "#2"},
				"up": {"uv": [1, 3, 2, 4], "texture": "#2"},
				"down": {"uv": [1, 6, 2, 7], "texture": "#2"}
			}
		},
		{
			"from": [14, 9, 7],
			"to": [15, 13, 8],
			"faces": {
				"north": {"uv": [1, 3, 2, 7], "texture": "#2"},
				"east": {"uv": [1, 3, 2, 7], "texture": "#2"},
				"south": {"uv": [14, 3, 15, 7], "texture": "#2"},
				"west": {"uv": [0, 0, 1, 4], "texture": "#missing"},
				"up": {"uv": [14, 3, 15, 4], "texture": "#2"},
				"down": {"uv": [14, 6, 15, 7], "texture": "#2"}
			}
		},
		{
			"from": [13, 8, 7],
			"to": [14, 14, 8],
			"faces": {
				"north": {"uv": [2, 2, 3, 8], "texture": "#2"},
				"east": {"uv": [13, 7, 14, 8], "texture": "#2"},
				"south": {"uv": [13, 2, 14, 8], "texture": "#2"},
				"west": {"uv": [0, 0, 1, 6], "texture": "#missing"},
				"up": {"uv": [2, 2, 3, 3], "texture": "#2"},
				"down": {"uv": [13, 7, 14, 8], "texture": "#2"}
			}
		},
		{
			"from": [3, 3, 7],
			"to": [13, 14, 8],
			"faces": {
				"north": {"uv": [3, 2, 13, 13], "texture": "#2"},
				"east": {"uv": [12, 2, 13, 13], "texture": "#2"},
				"south": {"uv": [3, 2, 13, 13], "texture": "#2"},
				"west": {"uv": [3, 2, 4, 13], "texture": "#2"},
				"up": {"uv": [3, 2, 13, 3], "texture": "#2"},
				"down": {"uv": [3, 12, 13, 13], "texture": "#2"}
			}
		},
		{
			"from": [4, 2, 7],
			"to": [12, 3, 8],
			"faces": {
				"north": {"uv": [4, 13, 12, 14], "texture": "#2"},
				"east": {"uv": [11, 13, 12, 14], "texture": "#2"},
				"south": {"uv": [4, 13, 12, 14], "texture": "#2"},
				"west": {"uv": [4, 13, 5, 14], "texture": "#2"},
				"up": {"uv": [0, 0, 8, 1], "texture": "#missing"},
				"down": {"uv": [4, 13, 12, 14], "texture": "#2"}
			}
		},
		{
			"from": [5, 1, 7],
			"to": [11, 2, 8],
			"faces": {
				"north": {"uv": [5, 14, 11, 15], "texture": "#2"},
				"east": {"uv": [10, 14, 11, 15], "texture": "#2"},
				"south": {"uv": [5, 14, 11, 15], "texture": "#2"},
				"west": {"uv": [5, 14, 6, 15], "texture": "#2"},
				"up": {"uv": [0, 0, 6, 1], "texture": "#missing"},
				"down": {"uv": [5, 14, 11, 15], "texture": "#2"}
			}
		},
		{
			"from": [2, 8, 7],
			"to": [3, 14, 8],
			"faces": {
				"north": {"uv": [13, 2, 14, 8], "texture": "#2"},
				"east": {"uv": [0, 0, 1, 6], "texture": "#missing"},
				"south": {"uv": [2, 2, 3, 8], "texture": "#2"},
				"west": {"uv": [2, 7, 3, 8], "texture": "#2"},
				"up": {"uv": [13, 2, 14, 3], "texture": "#2"},
				"down": {"uv": [2, 7, 3, 8], "texture": "#2"}
			}
		}
	],
	"gui_light": "front",
	    "display": {
        "ground": {
            "rotation": [ 0, 0, 0 ],
            "translation": [ 0, 2, 0],
            "scale":[ 0.5, 0.5, 0.5 ]
        },
        "head": {
            "rotation": [ 0, 180, 0 ],
            "translation": [ 0, 13, 7],
            "scale":[ 1, 1, 1]
        },
        "thirdperson_righthand": {
            "rotation": [ 0, 0, 0 ],
            "translation": [ 0, 3, 1 ],
            "scale": [ 0.55, 0.55, 0.55 ]
        },
        "firstperson_righthand": {
            "rotation": [ 0, -90, 25 ],
            "translation": [ 1.13, 3.2, 1.13],
            "scale": [ 0.68, 0.68, 0.68 ]
        },
        "fixed": {
            "rotation": [ 0, 180, 0 ],
            "scale": [ 1, 1, 1 ]
        }
    },
	"groups": [
		{
			"name": "group",
			"origin": [8, 8, 8],
			"color": 0,
			"children": [0, 1, 2, 3, 4, 5, 6]
		}
	]
}