{
	"credit": "Made with Blockbench",
	"textures": {
		"0": "./blacksmith_hammer",
		"particle": "./blacksmith_hammer"
	},
	"elements": [
		{
			"from": [7, 0, 7],
			"to": [9, 16, 9],
			"faces": {
				"north": {"uv": [11, 0, 13, 16], "texture": "#0"},
				"east": {"uv": [13, 0, 15, 16], "texture": "#0"},
				"south": {"uv": [11, 0, 13, 16], "texture": "#0"},
				"west": {"uv": [9, 0, 11, 16], "texture": "#0"},
				"up": {"uv": [11, 1, 13, 3], "texture": "#0"},
				"down": {"uv": [13, 4, 15, 6], "texture": "#0"}
			}
		},
		{
			"from": [6.5, 9.5, 6.5],
			"to": [9.5, 11.5, 9.5],
			"faces": {
				"north": {"uv": [4, 7, 7, 9], "texture": "#0"},
				"east": {"uv": [4, 7, 7, 9], "texture": "#0"},
				"south": {"uv": [4, 7, 7, 9], "texture": "#0"},
				"west": {"uv": [4, 7, 7, 9], "texture": "#0"},
				"up": {"uv": [4, 6, 7, 9], "texture": "#0"},
				"down": {"uv": [4, 6, 7, 9], "texture": "#0"}
			}
		},
		{
			"from": [4.5, 11.5, 6],
			"to": [11.5, 15.5, 10],
			"faces": {
				"north": {"uv": [0, 0, 7, 4], "texture": "#0"},
				"east": {"uv": [0, 5, 4, 9], "texture": "#0"},
				"south": {"uv": [0, 0, 7, 4], "texture": "#0"},
				"west": {"uv": [0, 5, 4, 9], "texture": "#0"},
				"up": {"uv": [0, 2, 7, 6], "texture": "#0"},
				"down": {"uv": [0, 2, 7, 6], "texture": "#0"}
			}
		},
		{
			"from": [7, 3, 6.5],
			"to": [9, 4, 7],
			"rotation": {"angle": 0, "axis": "y", "origin": [0, -1, 0]},
			"faces": {
				"north": {"uv": [2, 15, 4, 16], "texture": "#0"},
				"east": {"uv": [0, 14, 0.5, 15], "texture": "#0"},
				"south": {"uv": [0, 0, 0, 0], "texture": "#0"},
				"west": {"uv": [0, 12, 0.5, 13], "texture": "#0"},
				"up": {"uv": [0, 13, 2, 13.5], "texture": "#0"},
				"down": {"uv": [0, 14, 2, 14.5], "texture": "#0"}
			}
		},
		{
			"from": [8.75, 4, 8],
			"to": [10.75, 5, 8],
			"rotation": {"angle": 22.5, "axis": "z", "origin": [9.75, 4.5, 7.5]},
			"faces": {
				"north": {"uv": [0, 12, 2, 13], "texture": "#0"},
				"east": {"uv": [0, 0, 0, 0], "texture": "#0"},
				"south": {"uv": [1, 12, 3, 13], "texture": "#0"},
				"west": {"uv": [0, 0, 0, 0], "texture": "#0"},
				"up": {"uv": [0, 0, 0, 0], "texture": "#0"},
				"down": {"uv": [0, 0, 0, 0], "texture": "#0"}
			}
		},
		{
			"from": [9.25, 4.5, 7.99],
			"to": [10.25, 6.5, 7.99],
			"rotation": {"angle": -22.5, "axis": "z", "origin": [9.75, 4.5, 7.5]},
			"faces": {
				"north": {"uv": [0, 12, 2, 13], "rotation": 90, "texture": "#0"},
				"east": {"uv": [0, 0, 0, 0], "rotation": 270, "texture": "#0"},
				"south": {"uv": [1, 12, 3, 13], "rotation": 270, "texture": "#0"},
				"west": {"uv": [0, 0, 0, 0], "rotation": 270, "texture": "#0"},
				"up": {"uv": [0, 0, 0, 0], "rotation": 270, "texture": "#0"},
				"down": {"uv": [0, 0, 0, 0], "rotation": 270, "texture": "#0"}
			}
		},
		{
			"from": [5.25, 4, 8],
			"to": [7.25, 5, 8],
			"rotation": {"angle": -22.5, "axis": "z", "origin": [6.25, 4.5, 7.5]},
			"faces": {
				"north": {"uv": [0, 12, 2, 13], "texture": "#0"},
				"east": {"uv": [0, 0, 0, 0], "texture": "#0"},
				"south": {"uv": [1, 12, 3, 13], "texture": "#0"},
				"west": {"uv": [0, 0, 0, 0], "texture": "#0"},
				"up": {"uv": [0, 0, 0, 0], "texture": "#0"},
				"down": {"uv": [0, 0, 0, 0], "texture": "#0"}
			}
		},
		{
			"from": [5.75, 4.5, 8.01],
			"to": [6.75, 6.5, 8.01],
			"rotation": {"angle": 22.5, "axis": "z", "origin": [6.25, 4.5, 7.5]},
			"faces": {
				"north": {"uv": [0, 12, 2, 13], "rotation": 270, "texture": "#0"},
				"east": {"uv": [0, 0, 0, 0], "rotation": 90, "texture": "#0"},
				"south": {"uv": [1, 12, 3, 13], "rotation": 90, "texture": "#0"},
				"west": {"uv": [0, 0, 0, 0], "rotation": 90, "texture": "#0"},
				"up": {"uv": [0, 0, 0, 0], "rotation": 90, "texture": "#0"},
				"down": {"uv": [0, 0, 0, 0], "rotation": 90, "texture": "#0"}
			}
		}
	],
	"gui_light": "front",
	"display": {
		"thirdperson_righthand": {
			"rotation": [0, -90, 0],
			"translation": [0, 5.25, 1.5]
		},
		"firstperson_righthand": {
			"rotation": [0, -90, 0],
			"translation": [0.5, 6, 0],
			"scale": [1, 1.25, 1]
		},
		"firstperson_lefthand": {
			"rotation": [0, -90, 0],
			"translation": [0.5, 6, 0],
			"scale": [1, 1.25, 1]
		},
		"ground": {
			"translation": [0, 2.75, 0],
			"scale": [0.75, 0.75, 0.75]
		},
		"gui": {
			"rotation": [0, -180, 45],
			"translation": [-0.75, -0.5, 0],
			"scale": [1.1, 1.1, 1.1]
		},
		"fixed": {
			"rotation": [0, 0, 45],
			"translation": [0, 0, -0.25],
			"scale": [1.2, 1.2, 1.2]
		}
	}
}